{
  "Total" : {
    "transaction" : "Total",
    "sampleCount" : 12061,
    "errorCount" : 14,
    "errorPct" : 0.11607661,
    "meanResTime" : 3020.421026448888,
    "medianResTime" : 1235.0,
    "minResTime" : 94.0,
    "maxResTime" : 5638832.0,
    "pct1ResTime" : 3519.800000000001,
    "pct2ResTime" : 5682.9,
    "pct3ResTime" : 15296.93999999999,
    "throughput" : 2.076357125162105,
    "receivedKBytesPerSec" : 13.885710734140986,
    "sentKBytesPerSec" : 1.4643199728671374
  },
  "Verifikasi Kasus Faskes - Draft" : {
    "transaction" : "Verifikasi Kasus Faskes - Draft",
    "sampleCount" : 12061,
    "errorCount" : 14,
    "errorPct" : 0.11607661,
    "meanResTime" : 3020.421026448888,
    "medianResTime" : 1235.0,
    "minResTime" : 94.0,
    "maxResTime" : 5638832.0,
    "pct1ResTime" : 3519.800000000001,
    "pct2ResTime" : 5682.9,
    "pct3ResTime" : 15296.93999999999,
    "throughput" : 2.076357125162105,
    "receivedKBytesPerSec" : 13.885710734140986,
    "sentKBytesPerSec" : 1.4643199728671374
  }
}